,City Name,Latitude,Longitude,Maximum Temp,Humidity,Cloud Coverage,Wind Speed,Country,Date and Time
0,thompson,55.7435,-97.8558,42.3,94,100,17.11,CA,1628740895
1,busselton,-33.65,115.3333,62.04,79,93,7.45,AU,1628740777
2,codrington,-38.2667,141.9667,57.81,68,50,15.21,AU,1628740896
3,rikitea,-23.1203,-134.9692,73.09,69,1,7.18,PF,1628740897
4,saint-philippe,-21.3585,55.7679,71.19,82,39,13.71,RE,1628740897
5,portland,45.5234,-122.6762,95.04,41,40,1.01,US,1628740207
6,hobart,-42.8794,147.3294,57.06,56,20,5.99,AU,1628740610
7,namanga,-2.5433,36.7905,60.33,83,86,3.02,KE,1628740899
8,dingle,10.9995,122.6711,88.56,63,69,6.62,PH,1628740899
9,port elizabeth,-33.918,25.5701,54.1,85,20,25.3,ZA,1628740900
10,jiwani,25.05,61.7417,80.78,79,99,9.24,PK,1628740900
11,menongue,-14.6585,17.691,50.83,31,0,4.52,AO,1628740901
12,new norfolk,-42.7826,147.0587,56.7,59,46,4.0,AU,1628740901
13,oudtshoorn,-33.5907,22.2014,46.76,94,83,12.66,ZA,1628740901
14,nikolskoye,59.7035,30.7861,58.01,72,100,5.01,RU,1628740902
15,longyearbyen,78.2186,15.6401,44.44,100,90,9.22,SJ,1628740902
16,akcaabat,41.0212,39.5715,76.87,61,75,6.91,TR,1628740903
17,hithadhoo,-0.6,73.0833,82.47,73,100,14.88,MV,1628740903
18,mahebourg,-20.4081,57.7,74.25,84,23,12.46,MU,1628740870
19,chokurdakh,70.6333,147.9167,65.05,71,96,4.25,RU,1628740904
20,jamestown,42.097,-79.2353,73.51,86,74,5.99,US,1628740835
21,luanda,-8.8368,13.2343,71.6,88,75,4.61,AO,1628740629
22,harper,4.375,-7.7169,77.27,81,100,12.08,LR,1628740904
23,carnarvon,-24.8667,113.6333,68.83,27,0,16.2,AU,1628740905
24,tuatapere,-46.1333,167.6833,60.82,76,100,6.85,NZ,1628740905
25,georgetown,5.4112,100.3354,88.9,73,20,1.01,MY,1628740749
26,mataura,-46.1927,168.8643,60.48,69,93,3.62,NZ,1628740906
27,wake forest,35.9799,-78.5097,80.89,84,75,1.01,US,1628740796
28,port-gentil,-0.7193,8.7815,76.51,80,100,12.01,GA,1628740906
29,kapaa,22.0752,-159.319,82.38,73,79,1.01,US,1628740907
30,saskylakh,71.9167,114.0833,54.82,54,59,16.89,RU,1628740907
31,punta arenas,-53.15,-70.9167,47.68,76,98,17.78,CL,1628740908
32,ushuaia,-54.8,-68.3,44.26,76,40,19.57,AR,1628740759
33,ribeira do pombal,-10.8344,-38.5358,61.66,96,9,2.77,BR,1628740908
34,piltene,57.2243,21.6744,60.75,94,0,3.44,LV,1628740909
35,saint-augustin,51.226,-58.6502,56.25,74,100,11.88,CA,1628740931
36,russell,32.3502,-85.1999,76.78,81,90,5.75,US,1628740881
37,arraial do cabo,-22.9661,-42.0278,69.08,88,44,13.04,BR,1628740932
38,castro,-24.7911,-50.0119,50.09,97,100,8.61,BR,1628740932
39,bluff,-46.6,168.3333,60.8,70,100,17.4,NZ,1628740932
40,likasi,-10.9814,26.7333,52.66,43,0,3.33,CD,1628740933
41,pisco,-13.7,-76.2167,58.01,90,41,1.5,PE,1628740933
42,pindiga,9.9833,10.9333,69.96,94,100,10.65,NG,1628740934
43,cururupu,-1.8283,-44.8683,74.37,97,98,3.98,BR,1628740934
44,san-pedro,4.7485,-6.6363,75.61,88,100,9.31,CI,1628740935
45,yellowknife,62.456,-114.3525,51.01,59,62,1.81,CA,1628740909
46,kodiak,57.79,-152.4072,56.71,82,90,4.61,US,1628740936
47,tukrah,32.5341,20.5791,79.47,75,0,4.07,LY,1628740937
48,guerrero negro,27.9769,-114.0611,76.64,70,30,11.97,MX,1628740938
49,port alfred,-33.5906,26.891,55.69,74,38,17.45,ZA,1628740938
50,medicine hat,50.0501,-110.6683,71.22,33,93,3.0,CA,1628740755
51,tasiilaq,65.6145,-37.6368,46.56,83,21,6.62,GL,1628740939
52,east london,-33.0153,27.9116,58.39,71,8,15.08,ZA,1628740939
53,albany,42.6001,-73.9662,78.64,86,100,3.51,US,1628740842
54,sisimiut,66.9395,-53.6735,43.77,80,44,5.44,GL,1628740940
55,ganzhou,28.8184,115.4327,88.41,74,100,8.01,CN,1628740941
56,kudahuvadhoo,2.6708,72.8944,83.3,73,99,14.67,MV,1628740942
57,hermanus,-34.4187,19.2345,48.9,75,100,8.25,ZA,1628740942
58,puerto ayora,-0.7393,-90.3518,69.55,88,94,5.01,EC,1628740904
59,mar del plata,-38.0023,-57.5575,41.45,76,6,4.52,AR,1628740943
60,barrow,71.2906,-156.7887,37.42,81,90,17.27,US,1628740944
61,redmond,47.674,-122.1215,85.08,72,78,2.89,US,1628740680
62,penzance,50.1186,-5.5371,57.76,82,19,8.81,GB,1628740944
63,husavik,66.0449,-17.3389,54.93,76,14,10.51,IS,1628740945
64,bathsheba,13.2167,-59.5167,80.85,80,10,14.41,BB,1628740945
65,vardo,70.3705,31.1107,55.6,94,67,1.23,NO,1628740946
66,muyezerskiy,63.9333,31.65,59.05,74,44,1.9,RU,1628740947
67,clyde river,70.4692,-68.5914,43.9,70,100,1.48,CA,1628740947
68,nanga eboko,4.6833,12.3667,66.76,98,100,3.69,CM,1628740948
69,hilo,19.7297,-155.09,76.8,93,90,7.36,US,1628740948
70,constitucion,-35.3333,-72.4167,47.59,73,0,2.48,CL,1628740949
71,entre rios,-11.9419,-38.0844,63.18,96,11,1.88,BR,1628740949
72,yatou,37.15,122.3833,81.12,66,100,5.57,CN,1628740949
73,torbay,47.6666,-52.7314,58.75,97,90,6.91,CA,1628740950
74,liverpool,53.4106,-2.9779,57.81,84,61,1.99,GB,1628740939
75,labuhan,-6.8844,112.2051,90.1,45,9,1.9,ID,1628740950
76,atuona,-9.8,-139.0333,77.31,74,16,16.58,PF,1628740951
77,waddan,29.1614,16.139,82.08,24,0,2.37,LY,1628740952
78,waipawa,-41.4122,175.5153,53.02,73,98,21.65,NZ,1628740952
79,marzuq,14.4,46.4667,76.28,50,71,6.6,YE,1628740952
80,pimenta bueno,-11.6725,-61.1936,74.97,46,69,4.99,BR,1628740953
81,micheweni,-4.9667,39.8333,73.31,79,13,9.69,TZ,1628740953
82,mokhsogollokh,61.4681,128.9203,84.33,37,33,3.0,RU,1628740954
83,saldanha,-33.0117,17.9442,53.02,81,89,22.44,ZA,1628740954
84,qaanaaq,77.484,-69.3632,40.3,92,100,3.96,GL,1628740954
85,correntina,-13.3433,-44.6367,68.34,42,7,2.33,BR,1628740956
86,tuktoyaktuk,69.4541,-133.0374,55.53,71,98,11.25,CA,1628740957
87,khatanga,71.9667,102.5,46.56,79,100,16.28,RU,1628740958
88,mahanje,-9.9333,35.3333,51.55,87,0,1.54,TZ,1628740958
89,wilkie,52.4168,-108.7014,56.89,61,80,14.7,CA,1628740960
90,esmeraldas,-19.7625,-44.3139,63.59,50,47,5.03,BR,1628740960
91,pandan,14.0453,124.1694,84.36,74,100,4.32,PH,1628740960
92,kasongo-lunda,-6.4667,16.8167,66.97,50,3,1.7,CD,1628740961
93,concordia,-31.393,-58.0209,41.56,73,0,4.16,AR,1628740965
94,nehe,48.4833,124.8333,69.85,62,2,12.37,CN,1628740966
95,tadine,-21.55,167.8833,70.77,52,5,18.34,NC,1628740966
96,bibai,43.3247,141.8586,70.95,63,94,6.64,JP,1628740967
97,ribeira grande,38.5167,-28.7,72.72,86,45,16.04,PT,1628740967
98,chuy,-33.6971,-53.4616,41.61,86,5,3.13,UY,1628740967
99,santo antonio do ica,-3.1022,-67.9397,75.15,80,34,2.73,BR,1628740968
100,severo-kurilsk,50.6789,156.125,57.13,69,100,10.51,RU,1628740968
101,sao filipe,14.8961,-24.4956,74.28,81,41,10.42,CV,1628740968
102,cervo,43.6702,-7.4101,65.19,84,100,3.09,ES,1628740969
103,lazaro cardenas,17.9583,-102.2,78.91,82,20,2.19,MX,1628740969
104,bredasdorp,-34.5322,20.0403,47.28,85,100,7.11,ZA,1628740970
105,banjar,-8.19,114.9675,82.26,72,31,1.3,ID,1628740970
106,norman wells,65.282,-126.8329,57.27,73,70,2.84,CA,1628740970
107,pangkalanbuun,-2.6833,111.6167,89.62,55,69,5.73,ID,1628740971
108,maine-soroa,13.2114,12.0241,79.36,73,95,6.6,NE,1628740972
109,alofi,-19.0595,-169.9187,73.15,81,99,21.32,NU,1628740972
110,sitka,57.0531,-135.33,57.69,97,100,4.03,US,1628740972
111,te anau,-45.4167,167.7167,52.57,90,100,11.01,NZ,1628740973
112,sampit,-2.5333,112.95,90.34,54,67,3.98,ID,1628740974
113,cidreira,-30.1811,-50.2056,47.07,74,1,5.64,BR,1628740974
114,roald,62.5833,6.1333,60.33,88,75,1.14,NO,1628740974
115,san carlos de bariloche,-41.1456,-71.3082,34.47,82,2,3.42,AR,1628740975
116,basco,20.4487,121.9702,80.87,82,100,14.29,PH,1628740975
117,nouakchott,18.0858,-15.9785,80.53,56,68,19.04,MR,1628740976
118,geraldton,-28.7667,114.6,63.01,63,0,16.11,AU,1628740976
119,skibbereen,51.55,-9.2667,55.2,80,85,19.22,IE,1628740977
120,butaritari,3.0707,172.7902,83.37,65,0,8.39,KI,1628740978
121,micomeseng,2.1462,10.6164,67.06,98,99,1.97,GQ,1628740980
122,kavieng,-2.5744,150.7967,83.77,71,60,4.92,PG,1628740981
123,san andres,12.5847,-81.7006,82.33,79,100,13.56,CO,1628740846
124,ardrishaig,56.0157,-5.4481,51.69,92,71,5.19,GB,1628740983
125,namatanai,-3.6667,152.4333,83.21,74,93,2.93,PG,1628740984
126,lerwick,60.1545,-1.1494,55.4,97,100,12.84,GB,1628740984
127,riyadh,24.6877,46.7219,87.85,11,0,2.3,SA,1628740765
128,mlimba,-8.8,35.8167,60.93,82,0,2.64,TZ,1628740985
129,calama,-22.4667,-68.9333,48.45,25,86,3.33,CL,1628740985
130,port hedland,-20.3167,118.5667,77.05,10,0,18.41,AU,1628740986
131,manzil salim,35.8567,8.4765,81.63,22,0,3.74,TN,1628740986
132,kathu,7.9178,98.3332,73.22,72,89,10.89,TH,1628740986
133,puerto del rosario,28.5004,-13.8627,71.35,83,57,13.8,ES,1628740987
134,kahului,20.8947,-156.47,79.97,84,50,9.91,US,1628740881
135,cap malheureux,-19.9842,57.6142,74.46,80,9,5.99,MU,1628740878
136,camacha,33.0833,-16.3333,70.56,73,40,4.61,PT,1628740989
137,caravelas,-17.7125,-39.2481,68.14,94,7,2.86,BR,1628740990
138,luderitz,-26.6481,15.1594,52.43,83,18,12.97,NA,1628740991
139,bara,10.3744,10.7288,71.26,97,100,7.11,NG,1628740992
140,turukhansk,65.8167,87.9833,54.5,58,77,15.3,RU,1628740992
141,avarua,-21.2078,-159.775,71.65,94,75,4.61,CK,1628740993
142,vila franca do campo,37.7167,-25.4333,72.01,89,14,6.87,PT,1628740994
143,naze,28.3667,129.4833,80.56,84,57,19.98,JP,1628740995
144,ancud,-41.8697,-73.8203,41.79,83,0,2.13,CL,1628740996
145,bousse,12.6606,-1.8922,71.56,90,63,9.53,BF,1628740997
146,cape town,-33.9258,18.4232,50.88,92,99,3.0,ZA,1628740896
147,dikson,73.5069,80.5464,42.66,88,18,9.93,RU,1628740999
148,forbes,-33.3833,148.0167,55.2,55,0,8.1,AU,1628740999
149,grindavik,63.8424,-22.4338,52.56,100,75,5.75,IS,1628741000
150,fortuna,40.5982,-124.1573,76.48,89,90,0.0,US,1628741000
151,niteroi,-22.8833,-43.1036,67.35,88,100,5.93,BR,1628741001
152,lorengau,-2.0226,147.2712,86.02,63,40,6.8,PG,1628741008
153,ordynskoye,54.3656,81.8994,60.24,98,98,4.99,RU,1628741009
154,san quintin,30.4833,-115.95,71.73,79,2,6.29,MX,1628741010
155,mayo,38.8876,-76.5119,77.16,94,1,1.01,US,1628741011
156,mityana,0.4175,32.0228,59.72,93,32,1.79,UG,1628741011
157,nanortalik,60.1432,-45.2371,44.33,86,69,10.63,GL,1628741012
158,coquimbo,-29.9533,-71.3436,52.2,88,48,1.03,CL,1628741012
159,carutapera,-1.195,-46.02,76.24,94,85,6.26,BR,1628741012
160,abomey,7.1829,1.9912,70.97,96,100,4.7,BJ,1628741013
161,marfino,55.7028,37.3822,66.15,100,75,4.47,RU,1628741014
162,minas,-34.3759,-55.2377,47.52,90,0,1.16,UY,1628741015
163,mount isa,-20.7333,139.5,85.77,16,0,12.66,AU,1628741015
164,epe,6.5841,3.9834,73.8,94,100,5.41,NG,1628741016
165,evensk,61.95,159.2333,54.41,83,100,6.44,RU,1628741016
166,oranjestad,12.524,-70.027,82.53,86,80,21.18,AW,1628741018
167,pringsewu,-5.3582,104.9744,89.19,46,52,5.64,ID,1628741019
168,kieta,-6.2167,155.6333,75.67,94,100,4.34,PG,1628741021
169,vila velha,-20.3297,-40.2925,68.05,89,26,11.65,BR,1628740860
170,zhigansk,66.7697,123.3711,69.62,40,74,7.7,RU,1628741022
171,douglas,41.3,-96.167,79.68,73,1,1.01,US,1628741023
172,dzilam gonzalez,21.2833,-88.9333,72.55,94,100,2.06,MX,1628741024
173,vaini,-21.2,-175.2,66.2,84,100,18.61,TO,1628741024
174,agaro,7.85,36.65,58.32,97,47,1.25,ET,1628741025
175,kutum,14.2,24.6667,71.64,74,99,3.2,SD,1628741025
176,pevek,69.7008,170.3133,40.89,69,82,3.27,RU,1628741025
177,sosnogorsk,63.6023,53.8817,60.89,64,100,8.46,RU,1628741026
178,tiksi,71.6872,128.8694,59.67,68,100,9.24,RU,1628741026
179,klaksvik,62.2266,-6.589,54.52,98,100,12.46,FO,1628741026
180,lagoa,39.05,-27.9833,72.12,82,41,12.8,PT,1628741027
181,awjilah,29.1081,21.2869,81.77,55,0,3.15,LY,1628741027
182,kimbe,-5.5502,150.1429,83.37,74,72,2.68,PG,1628741027
183,zhoucheng,35.9122,116.3117,80.82,80,100,1.48,CN,1628741028
184,talnakh,69.4865,88.3972,43.65,90,100,8.63,RU,1628741028
185,port blair,11.6667,92.75,84.24,89,75,13.8,IN,1628741030
186,paamiut,61.994,-49.6678,44.01,85,78,11.59,GL,1628741031
187,mantua,45.1667,10.7833,74.08,84,0,4.09,IT,1628741033
188,urengoy,65.9667,78.3667,56.68,53,53,7.29,RU,1628741034
189,salamiyah,35.0113,37.0532,77.72,54,0,2.82,SY,1628741035
190,lata,40.1629,-8.3327,64.92,93,67,2.3,PT,1628741036
191,longjiang,47.3303,123.1836,69.71,62,26,13.13,CN,1628741037
192,veracruz,19.3333,-96.6667,75.47,93,23,4.63,MX,1628741038
193,narsaq,60.9167,-46.05,46.62,75,90,2.84,GL,1628741038
194,norilsk,69.3535,88.2027,43.66,91,100,7.34,RU,1628740998
195,sinnamary,5.3833,-52.95,76.98,88,100,5.44,GF,1628741038
196,bubaque,11.2833,-15.8333,79.77,83,100,11.95,GW,1628741039
197,kedougou,12.5579,-12.1743,73.31,95,100,3.53,SN,1628741039
198,honningsvag,70.9821,25.9704,56.73,88,75,9.22,NO,1628741039
199,qaqortoq,60.7167,-46.0333,46.9,83,82,2.55,GL,1628741040
200,bethel,41.3712,-73.414,78.24,85,81,3.69,US,1628740873
201,hasaki,35.7333,140.8333,81.0,74,100,7.2,JP,1628741042
202,okhotsk,59.3833,143.3,69.08,72,12,7.18,RU,1628741042
203,dir,35.2058,71.8756,77.58,67,6,4.41,PK,1628741044
204,beringovskiy,63.05,179.3167,44.74,85,92,7.87,RU,1628741046
205,samarai,-10.6167,150.6667,79.5,81,59,14.99,PG,1628741046
206,tual,-5.6667,132.75,81.03,80,34,19.19,ID,1628741047
207,srednekolymsk,67.45,153.6833,75.09,24,96,1.36,RU,1628741047
208,yerbogachen,61.2767,108.0108,77.81,35,7,7.38,RU,1628741047
209,maniitsoq,65.4167,-52.9,43.75,81,74,7.18,GL,1628741048
210,meulaboh,4.1363,96.1285,79.14,80,99,6.24,ID,1628741049
211,san rafael,-34.6177,-68.3301,42.37,42,1,2.57,AR,1628741049
212,buturlino,55.5667,44.8974,71.49,40,71,11.99,RU,1628741050
213,mukacheve,48.4392,22.7178,58.41,77,10,6.29,UA,1628741050
214,massaguet,12.4755,15.4365,73.22,87,100,8.95,TD,1628741051
215,leningradskiy,69.3833,178.4167,38.71,82,97,4.7,RU,1628741053
216,imeni poliny osipenko,52.4201,136.4853,74.05,51,4,5.12,RU,1628741053
217,qidong,31.8128,121.6561,86.99,82,98,6.89,CN,1628741054
218,bernalillo,35.05,-106.6673,81.68,48,75,10.36,US,1628741055
219,houma,29.5958,-90.7195,78.01,95,33,3.6,US,1628741055
220,gold coast,-28.0,153.4333,77.77,62,1,8.01,AU,1628740998
221,rocha,-34.4833,-54.3333,39.13,92,0,3.27,UY,1628741056
222,salalah,17.0151,54.0924,77.09,83,90,5.75,OM,1628741057
223,krasnyy chikoy,50.3643,108.7512,74.82,52,0,2.84,RU,1628741060
224,mago,53.2514,140.1822,76.62,38,32,4.23,RU,1628741061
225,hofn,64.2539,-15.2082,52.5,82,100,8.12,IS,1628741062
226,tiel,51.8833,5.4333,59.92,92,100,5.91,NL,1628741063
227,bembereke,10.2283,2.6634,68.67,99,100,4.03,BJ,1628741064
228,quelimane,-17.8786,36.8883,64.09,91,61,3.02,MZ,1628741065
229,chengde,40.9725,117.9361,78.69,68,12,1.61,CN,1628741065
230,lompoc,34.6391,-120.4579,71.22,83,20,3.0,US,1628741065
231,upernavik,72.7868,-56.1549,41.49,92,100,23.35,GL,1628741066
232,wajima,37.4,136.9,77.67,81,100,5.5,JP,1628741067
233,meadow lake,34.8014,-106.5436,79.83,44,78,9.84,US,1628741067
234,faya,18.3851,42.4509,68.52,58,71,1.3,SA,1628741068
235,vilyuysk,63.7553,121.6247,75.92,43,91,3.6,RU,1628741068
236,tsabong,-26.0217,22.401,46.87,57,0,10.67,BW,1628741068
237,requena,39.4883,-1.1004,68.7,50,67,6.49,ES,1628741069
238,ponta delgada,37.7333,-25.6667,72.32,88,20,9.22,PT,1628741070
239,bien hoa,10.95,106.8167,85.98,67,82,3.27,VN,1628741071
240,peniche,39.3558,-9.3811,66.88,86,8,13.24,PT,1628741072
241,adrar,20.5022,-10.0711,90.82,14,93,12.26,MR,1628741072
242,nahariyya,33.0059,35.0941,84.11,89,0,2.73,IL,1628741073
243,twentynine palms,34.1356,-116.0542,90.14,34,8,1.99,US,1628741073
244,labrea,-7.2586,-64.7981,82.92,38,92,2.59,BR,1628741074
245,east wenatchee bench,47.4257,-120.2812,90.32,35,35,4.38,US,1628740960
246,san francisco,37.7749,-122.4194,73.31,84,6,1.99,US,1628740829
247,jacqueville,5.2052,-4.4146,76.91,90,94,13.02,CI,1628741074
248,bengkulu,-3.8004,102.2655,83.91,65,99,6.64,ID,1628740849
249,praia,14.9215,-23.5087,74.21,82,36,10.38,CV,1628741077
250,cairns,-16.9167,145.7667,75.15,78,75,6.91,AU,1628741078
251,sept-iles,50.2001,-66.3821,64.92,94,90,5.99,CA,1628741079
252,beloha,-25.1667,45.05,62.44,72,0,7.7,MG,1628741080
253,kloulklubed,7.0419,134.2556,86.5,73,100,10.38,PW,1628741081
254,rosita,13.9268,-84.4032,72.86,99,98,2.28,NI,1628741082
255,mehamn,71.0357,27.8492,57.15,82,75,12.66,NO,1628741083
256,illapel,-31.6308,-71.1653,49.01,82,8,1.61,CL,1628741083
257,champerico,14.3,-91.9167,82.35,81,59,2.71,GT,1628741084
258,tres arroyos,-38.3739,-60.2798,34.18,88,3,3.96,AR,1628741084
259,iracoubo,5.4802,-53.2011,76.46,89,100,5.68,GF,1628741085
260,kushiro,42.975,144.3747,62.89,66,88,9.55,JP,1628741085
261,yeppoon,-23.1333,150.7333,76.78,68,0,14.18,AU,1628741086
262,saint-joseph,-21.3667,55.6167,70.18,77,23,9.46,RE,1628741086
263,moraga,37.8349,-122.1297,74.34,67,20,1.99,US,1628741087
264,cabo san lucas,22.8909,-109.9124,83.52,81,79,6.02,MX,1628740803
265,karasburg,-28.0167,18.75,39.58,94,52,10.22,NA,1628741088
266,workington,54.6425,-3.5441,57.33,83,64,7.72,GB,1628741089
267,colomi,-17.35,-65.8667,48.47,86,51,3.06,BO,1628741089
268,ostrovnoy,68.0531,39.5131,61.0,73,90,11.3,RU,1628741090
269,monrovia,6.3005,-10.7969,74.97,87,100,13.11,LR,1628740798
270,alekseyevka,50.6309,38.6903,71.49,72,100,6.51,RU,1628741092
271,barcelona,41.3888,2.159,84.61,68,0,10.36,ES,1628741021
272,deputatskiy,69.3,139.9,60.6,75,100,3.83,RU,1628741094
273,nyurba,63.2842,118.3319,77.14,44,82,2.44,RU,1628741094
274,hamilton,39.1834,-84.5333,83.59,78,1,1.01,US,1628740230
275,mtwara,-10.2667,40.1833,66.18,88,5,6.17,TZ,1628741095
276,the valley,18.217,-63.0578,82.81,79,45,20.85,AI,1628741095
277,ponta do sol,32.6667,-17.1,74.03,76,16,3.69,PT,1628741095
278,bambous virieux,-20.3428,57.7575,74.21,83,26,12.17,MU,1628741096
279,florianopolis,-27.6146,-48.5012,52.83,54,90,10.36,BR,1628741096
280,kroya,-7.6331,109.2461,82.63,68,54,10.96,ID,1628741096
281,manaure,11.7751,-72.4445,83.03,76,66,5.88,CO,1628741097
282,santa maria,-29.6842,-53.8069,40.06,81,1,5.12,BR,1628740814
283,casablanca,33.5928,-7.6192,69.75,84,0,4.21,MA,1628741097
284,muroto,33.2833,134.15,77.04,94,100,15.43,JP,1628741097
285,iqaluit,63.7506,-68.5145,42.53,87,90,19.57,CA,1628741072
286,santa rosa,14.3122,121.1114,87.12,71,100,3.44,PH,1628741098
287,ambam,2.3833,11.2833,66.74,96,100,3.29,CM,1628741098
288,marquette,46.5333,-87.6335,63.36,81,0,7.25,US,1628740906
289,birin,26.8865,88.0718,65.3,96,100,1.23,NP,1628741099
290,saint simons,31.1352,-81.3901,83.01,80,1,6.91,US,1628740908
291,zdvinsk,54.7021,78.661,57.4,96,100,8.39,RU,1628741100
292,chauk,20.8833,94.8167,85.86,66,99,13.4,MM,1628741100
293,nautla,20.2167,-96.7833,79.36,80,1,5.41,MX,1628741101
294,nome,64.5011,-165.4064,50.07,62,90,4.61,US,1628741101
295,kysyl-syr,63.8986,122.7617,72.97,51,86,4.0,RU,1628741102
296,karratha,-20.7377,116.8463,76.6,18,0,19.3,AU,1628741103
297,paita,-5.0892,-81.1144,63.72,83,19,10.69,PE,1628741107
298,talaya,61.3833,152.75,76.46,33,71,2.48,RU,1628741108
299,dubbo,-32.25,148.6167,62.73,36,3,10.36,AU,1628741108
300,katsuura,35.1333,140.3,82.51,85,100,16.78,JP,1628741108
301,novyy urengoy,66.0833,76.6333,58.5,56,43,4.83,RU,1628741109
302,tanggu,39.0211,117.6469,84.16,68,98,11.16,CN,1628740865
303,coahuayana,18.7333,-103.6833,77.09,91,88,2.84,MX,1628741109
304,mbanza-ngungu,-5.25,14.8667,67.33,77,13,7.52,CD,1628741110
305,abu dhabi,24.4667,54.3667,93.7,60,0,8.16,AE,1628740843
306,hangu,39.2489,117.7892,84.24,67,88,9.71,CN,1628741111
307,cascais,38.6979,-9.4215,66.61,75,1,1.99,PT,1628741111
308,tezu,27.9167,96.1667,77.2,100,100,1.59,IN,1628741112
309,shingu,33.7333,135.9833,78.91,96,100,9.64,JP,1628741112
310,inhambane,-23.865,35.3833,62.78,90,4,9.13,MZ,1628741112
311,darnah,32.767,22.6367,82.47,58,0,15.32,LY,1628741113
312,richland,40.7834,-82.5499,76.19,83,100,12.35,US,1628740881
313,half moon bay,37.4636,-122.4286,73.54,81,1,8.05,US,1628741118
314,largo,27.9095,-82.7873,79.99,88,1,0.0,US,1628741118
315,bukachacha,52.9833,116.9167,65.21,67,100,2.21,RU,1628741118
316,cayenne,4.9333,-52.3333,76.08,89,0,0.0,GF,1628741119
317,buluang,13.3068,123.3425,89.74,60,100,3.51,PH,1628741119
318,muros,42.7762,-9.0603,64.99,93,10,7.18,ES,1628741120
319,ilulissat,69.2167,-51.1,46.42,76,75,1.14,GL,1628741120
320,curup,-3.4667,102.5333,82.63,38,97,3.85,ID,1628741121
321,pochutla,15.7432,-96.4661,73.22,91,18,3.67,MX,1628741121
322,starobaltachevo,56.0013,55.9213,63.34,52,31,8.75,RU,1628741121
323,washington,47.5001,-120.5015,88.29,35,31,5.5,US,1628741043
324,sisophon,13.5859,102.9737,91.54,55,95,8.39,KH,1628741122
325,faanui,-16.4833,-151.75,78.82,73,9,13.35,PF,1628741122
326,oistins,13.0667,-59.5333,80.69,78,40,14.97,BB,1628741123
327,tambun,-6.2641,107.0712,89.64,43,5,9.22,ID,1628741124
328,tucurui,-3.7661,-49.6725,73.15,92,25,4.09,BR,1628741124
329,havre-saint-pierre,50.2334,-63.5986,61.25,98,80,12.37,CA,1628741125
330,sur,22.5667,59.5289,90.32,55,8,4.25,OM,1628741125
331,palmer,42.1584,-72.3287,79.93,79,1,3.44,US,1628741126
332,sorland,67.667,12.6934,54.48,93,100,7.43,NO,1628741126
333,trinidad,-14.8333,-64.9,65.73,42,63,8.59,BO,1628741126
334,chaumont,48.1167,5.1333,57.49,88,31,3.2,FR,1628741127
335,hotaka,36.3396,137.8825,82.13,74,100,1.86,JP,1628741127
336,provideniya,64.3833,-173.3,41.11,81,90,8.95,RU,1628741129
337,ucluelet,48.9329,-125.5528,78.04,86,96,1.41,CA,1628740958
338,talcahuano,-36.7167,-73.1167,40.68,93,0,3.44,CL,1628741115
339,lebu,-37.6167,-73.65,47.01,75,0,5.08,CL,1628741134
340,inverness,57.4791,-4.224,46.98,95,0,4.61,GB,1628741134
341,garissa,-0.4536,39.6401,72.63,72,76,12.86,KE,1628741138
342,slave lake,55.2834,-114.769,54.7,67,30,7.14,CA,1628741139
343,cumberland,35.0502,-78.8664,81.57,82,1,4.61,US,1628740957
344,souillac,-20.5167,57.5167,74.35,86,25,11.65,MU,1628740867
345,airai,-8.9266,125.4092,77.23,43,31,6.78,TL,1628741140
346,chapais,49.7834,-74.8492,67.53,92,8,8.77,CA,1628741140
347,lamas,-6.4167,-76.5333,63.14,96,92,3.31,PE,1628741141
348,ruthen,51.4909,8.436,57.07,82,0,3.44,DE,1628741141
349,garowe,8.4054,48.4845,74.41,67,53,20.98,SO,1628741142
350,vallenar,-28.5708,-70.7581,51.22,82,2,1.32,CL,1628741142
351,nedjo,9.5046,35.5019,56.95,98,78,1.68,ET,1628741143
352,kapoeta,4.7717,33.5903,69.89,85,10,1.5,SS,1628741143
353,ajra,16.1167,74.2,74.41,80,97,9.55,IN,1628741143
354,avera,33.194,-82.5271,76.51,85,77,7.23,US,1628741144
355,linden,6.0,-58.3,75.34,97,100,1.14,GY,1628741144
356,pangnirtung,66.1451,-65.7125,47.44,70,99,10.76,CA,1628741145
357,jalu,29.0331,21.5482,81.82,52,0,3.38,LY,1628741145
358,dharchula,29.85,80.5333,81.07,76,97,4.29,IN,1628741145
359,somerset east,-32.7217,25.588,43.9,63,5,7.87,ZA,1628741146
360,xiaoshi,41.2971,124.1209,66.22,89,100,2.21,CN,1628741146
361,magnitogorsk,53.4186,59.0472,58.03,67,4,13.42,RU,1628741147
362,saint-leu,-21.15,55.2833,70.66,73,2,5.59,RE,1628741147
363,hambantota,6.1241,81.1185,82.74,83,75,12.66,LK,1628741148
364,lourdes,43.1,-0.05,65.68,88,99,3.44,FR,1628741148
365,takanosu,40.2219,140.3694,78.42,64,94,2.1,JP,1628741149
366,manokwari,-0.8667,134.0833,83.41,70,96,7.31,ID,1628741150
367,vestmannaeyjar,63.4427,-20.2734,54.73,81,99,8.55,IS,1628741150
368,kirakira,-10.4544,161.9205,80.01,84,84,14.38,SB,1628741150
369,benghazi,32.1167,20.0667,81.23,77,0,10.78,LY,1628740933
370,antofagasta,-23.65,-70.4,56.48,79,96,6.24,CL,1628741151
371,shubarkuduk,49.1447,56.4872,68.49,39,0,17.56,KZ,1628741151
372,padang,-0.9492,100.3543,84.25,69,88,4.34,ID,1628741152
373,saint george,37.1041,-113.5841,90.43,31,1,1.99,US,1628741153
374,cherskiy,68.75,161.3,68.92,31,69,5.7,RU,1628741153
375,ritchie,-29.038,24.6028,42.53,61,0,9.93,ZA,1628741154
376,celestun,20.8667,-90.4,76.75,79,44,9.37,MX,1628741154
377,murray bridge,-35.1167,139.2667,63.48,58,23,10.98,AU,1628741155
378,yar-sale,66.8333,70.8333,63.97,52,90,7.99,RU,1628741155
379,rwamagana,-1.9487,30.4347,65.64,72,84,2.62,RW,1628741156
380,moyale,3.5167,39.0584,63.25,69,69,7.25,KE,1628741156
381,presidencia roque saenz pena,-26.7852,-60.4388,45.21,45,96,5.21,AR,1628741156
382,qasigiannguit,68.8193,-51.1922,46.65,88,99,6.49,GL,1628741158
383,tecoanapa,16.5167,-98.75,78.13,83,15,4.45,MX,1628741158
384,juxtlahuaca,17.4294,-99.1467,68.81,97,100,1.92,MX,1628741159
385,kamenka,51.3223,42.7678,78.66,37,72,16.44,RU,1628741159
386,cabo rojo,18.0866,-67.1457,81.68,83,100,8.08,PR,1628741005
387,vao,-22.6667,167.4833,68.02,58,32,20.0,NC,1628741160
388,chaoyang,41.5703,120.4586,76.91,59,21,5.48,CN,1628741160
389,port macquarie,-31.4333,152.9167,66.16,74,62,10.29,AU,1628741162
390,trier,49.7557,6.6394,63.43,92,96,1.5,DE,1628741163
391,san pedro,14.35,121.0167,86.36,74,100,2.73,PH,1628741163
392,porto santo,33.072,-16.3415,73.31,73,40,4.61,PT,1628741165
393,victoria,22.2855,114.1577,91.96,76,71,1.99,HK,1628741171
394,muisne,0.6,-80.0333,74.1,83,100,9.24,EC,1628741171
395,alyangula,-13.8483,136.4192,82.74,55,0,13.47,AU,1628741171
396,jiayuguan,39.8167,98.3,79.05,24,0,7.36,CN,1628741172
397,san vicente,-26.6167,-54.1333,46.72,77,71,4.32,AR,1628741172
398,chunoyar,57.4467,97.3217,62.87,81,100,2.21,RU,1628741051
399,saint-pierre,-21.3393,55.4781,71.28,71,75,8.05,RE,1628740834
400,dongsheng,39.8161,109.9776,77.16,23,21,1.72,CN,1628741173
401,sao joao da barra,-21.6403,-41.0511,68.05,81,4,11.99,BR,1628740974
402,puerto el triunfo,13.2833,-88.55,83.32,85,100,3.2,SV,1628741175
403,ibara,34.6,133.4667,75.78,94,100,4.76,JP,1628741176
404,bali,-8.5,115.0,81.57,81,84,11.86,ID,1628741177
405,petropavlovsk-kamchatskiy,53.0452,158.6483,64.99,55,20,11.18,RU,1628740984
406,charleville-mezieres,49.7667,4.7167,60.48,90,100,2.64,FR,1628741179
407,hami,42.8,93.45,87.62,23,0,1.95,CN,1628740972
408,novoagansk,61.9449,76.6625,58.21,54,21,14.12,RU,1628741180
409,dunedin,-45.8742,170.5036,60.8,45,100,14.0,NZ,1628741181
410,mont-de-marsan,44.0,-0.6667,69.28,94,0,3.44,FR,1628741182
411,cockburn town,21.4612,-71.1419,82.56,71,20,23.47,TC,1628741182
412,salina cruz,16.1667,-95.2,79.36,78,14,10.25,MX,1628741183
413,chilca,-12.5211,-76.7372,60.96,85,75,7.18,PE,1628741183
414,penapolis,-21.4197,-50.0775,63.37,69,16,11.5,BR,1628741184
415,andenes,69.3143,16.1194,53.58,94,75,6.91,NO,1628741184
416,bezopasnoye,45.6483,41.936,70.41,79,100,4.52,RU,1628741184
417,batticaloa,7.7102,81.6924,83.03,68,100,1.21,LK,1628741185
418,kroonstad,-27.6504,27.2349,39.76,73,0,4.63,ZA,1628741185
419,dudinka,69.4058,86.1778,45.19,84,100,8.9,RU,1628741186
420,kumluca,36.3703,30.2869,83.39,43,0,7.58,TR,1628741186
421,tenenkou,14.4572,-4.9169,76.23,78,100,6.22,ML,1628741187
422,nizwa,22.9333,57.5333,93.6,33,2,2.68,OM,1628741187
423,betare oya,5.6,14.0833,66.16,99,100,5.64,CM,1628741188
424,bhadrachalam,17.6667,80.8833,86.65,68,100,3.83,IN,1628741188
425,khasan,42.4308,130.6434,67.41,85,100,14.72,RU,1628741189
426,ballina,-28.8667,153.5667,77.18,55,71,5.99,AU,1628741189
427,erdenet,49.0333,104.0833,70.09,58,88,5.7,MN,1628741190
428,turbat,26.0023,63.044,80.4,74,60,2.04,PK,1628741190
429,yorosso,12.3536,-4.7761,73.99,87,100,4.27,ML,1628741191
430,taltal,-25.4,-70.4833,54.86,84,33,2.24,CL,1628740904
431,urumqi,43.801,87.6005,85.15,25,0,6.71,CN,1628740957
432,balkanabat,39.5108,54.3671,95.32,13,23,9.22,TM,1628741192
433,singaparna,-7.3515,108.111,82.0,56,23,6.38,ID,1628741193
434,akdepe,42.0551,59.3788,87.89,27,0,5.17,TM,1628741194
435,bonthe,7.5264,-12.505,75.72,91,100,8.63,SL,1628741195
436,san cristobal,7.7669,-72.225,65.55,96,95,2.15,VE,1628741195
437,tera,14.0078,0.7531,77.52,74,100,9.95,NE,1628741196
438,turayf,31.6725,38.6637,77.86,42,0,9.15,SA,1628741196
439,linxia,35.6003,103.2064,74.82,38,99,4.36,CN,1628741196
440,port keats,-14.25,129.55,90.97,38,9,6.98,AU,1628741197
441,tazovskiy,67.4667,78.7,51.49,65,10,6.51,RU,1628741197
442,vostok,46.4856,135.8833,72.43,38,18,6.22,RU,1628741198
443,bambanglipuro,-7.95,110.2833,82.94,67,21,16.08,ID,1628741199
444,bereda,43.2686,-7.5406,61.14,100,88,1.14,ES,1628741200
445,krasnoselkup,65.7,82.4667,54.3,59,43,15.66,RU,1628741202
446,udachnyy,66.4167,112.4,71.46,38,97,15.21,RU,1628741203
447,dingzhou,38.5131,114.9956,80.4,71,100,3.27,CN,1628741203
448,ponnani,10.767,75.9252,76.32,78,100,8.3,IN,1628741204
449,egvekinot,66.3167,-179.1667,42.13,63,95,2.91,RU,1628741204
450,zhezkazgan,47.8043,67.7144,67.95,49,46,16.11,KZ,1628741204
451,peci,44.6272,16.7861,60.01,71,1,3.0,BA,1628741205
452,idrinskoye,54.3708,92.1358,71.89,66,6,5.41,RU,1628741205
453,porto novo,6.4965,2.6036,74.03,92,85,6.2,BJ,1628741206
454,saint-georges,12.0564,-61.7485,80.28,89,20,8.05,GD,1628741206
455,fort nelson,58.8053,-122.7002,58.87,59,84,2.86,CA,1628741207
456,rey bouba,8.6724,14.1786,72.01,97,100,3.36,CM,1628741208
457,brigantine,39.4101,-74.3646,79.02,91,50,10.45,US,1628741208
458,xining,36.6167,101.7667,68.79,45,100,3.09,CN,1628741209
459,san patricio,28.017,-97.5169,85.89,73,0,12.8,US,1628741209
460,kirkwood,38.5834,-90.4068,86.29,80,59,1.01,US,1628741210
461,phanom sarakham,13.7479,101.3553,87.69,65,67,8.88,TH,1628741211
462,kajaani,64.2273,27.7285,57.25,88,0,2.3,FI,1628741211
463,hoa binh,20.8133,105.3383,80.49,58,99,0.96,VN,1628741212
464,beyneu,45.3167,55.2,88.09,26,4,5.88,KZ,1628741212
465,iquique,-20.2208,-70.1431,59.22,73,15,1.9,CL,1628740970
466,itarema,-2.9248,-39.9167,78.87,83,5,15.35,BR,1628741213
467,sao domingos do prata,-19.865,-42.9683,60.49,61,14,3.8,BR,1628741213
468,ocos,14.5094,-92.1933,82.31,87,100,8.61,GT,1628741214
469,agadez,19.75,10.25,86.9,41,64,7.4,NE,1628741215
470,didi lilo,41.7361,44.9647,71.38,53,0,5.75,GE,1628741216
471,cuamba,-14.8031,36.5372,56.44,77,0,0.81,MZ,1628741218
472,namibe,-15.1961,12.1522,61.07,90,9,10.13,AO,1628741220
473,bonavista,48.6499,-53.1147,58.12,78,96,7.2,CA,1628741220
474,dekernes,31.0876,31.595,75.69,77,0,2.37,EG,1628741221
475,mount gambier,-37.8333,140.7667,55.31,76,40,18.41,AU,1628741221
476,podgornoye,51.735,39.1496,70.02,73,40,8.95,RU,1628741222
477,bull savanna,17.8868,-77.5902,77.29,78,100,2.66,JM,1628741222
478,quatre cocos,-20.2078,57.7625,74.08,83,31,11.9,MU,1628741222
479,ilebo,-4.3167,20.5833,74.41,57,51,1.14,CD,1628741223
480,roebourne,-20.7833,117.1333,76.26,19,0,19.3,AU,1628741224
481,lavrentiya,65.5833,-171.0,42.17,68,100,2.28,RU,1628741224
482,svetlogorsk,52.6333,29.7333,56.98,93,5,9.31,BY,1628741224
483,arys,42.4252,68.795,84.42,20,26,7.81,KZ,1628741225
484,kaseda,31.4167,130.3167,80.51,89,100,17.38,JP,1628741225
485,merrill,45.1805,-89.6835,65.59,86,1,3.44,US,1628741222
486,puerto madero,14.7208,-92.4215,79.0,78,40,5.75,MX,1628741226
487,pulandian,39.3953,121.9669,77.13,57,91,5.99,CN,1628741226
488,hobyo,5.3505,48.5268,77.07,82,39,20.42,SO,1628741175
489,lichuan,30.3,108.85,75.49,86,100,2.26,CN,1628741227
490,swabi,34.1199,72.4699,92.88,45,15,3.09,PK,1628741227
491,hun,29.1268,15.9477,82.42,23,0,4.36,LY,1628741228
492,bolobo,-2.1667,16.2333,72.27,70,45,3.58,CD,1628741228
493,sabang,5.8933,95.3214,83.01,72,98,18.28,ID,1628741228
494,wuxi,31.5689,120.2886,77.99,88,100,5.37,CN,1628741103
495,orneta,54.1148,20.1333,54.25,96,2,8.05,PL,1628741229
496,olafsvik,64.8945,-23.7142,54.5,83,7,6.98,IS,1628741229
497,khammam,17.25,80.15,88.61,58,100,6.64,IN,1628741230
498,baringo,0.4667,35.9667,67.53,79,66,3.11,KE,1628741230
499,vanimo,-2.6741,141.3028,85.78,67,50,9.73,PG,1628741230
500,chunskiy,56.0815,99.6342,73.18,45,95,4.34,RU,1628741231
501,santander,43.4647,-3.8044,68.31,92,90,1.99,ES,1628741231
502,gaffney,35.0718,-81.6498,77.32,74,99,2.55,US,1628741231
503,fort abbas,29.1925,72.8536,92.08,43,100,18.66,PK,1628741232
504,la peca,-5.6111,-78.435,66.18,89,79,2.82,PE,1628741232
505,buala,-8.145,159.5921,78.3,87,100,5.73,SB,1628741233
506,brae,60.3964,-1.353,55.31,96,100,11.18,GB,1628741233
507,teahupoo,-17.8333,-149.2667,69.76,79,89,15.01,PF,1628741234
508,atikokan,48.7555,-91.6216,68.36,42,86,12.55,CA,1628741234
509,santa rosalia,27.3167,-112.2833,83.37,71,80,4.16,MX,1628741235
510,manta,-0.95,-80.7333,71.38,88,90,10.36,EC,1628741235
511,hatillo,18.4863,-66.8254,81.79,88,100,9.57,PR,1628741236
512,inirida,3.8653,-67.9239,73.06,99,100,2.93,CO,1628741236
513,skjervoy,70.0311,20.9714,55.4,96,100,5.17,NO,1628741237
514,ust-uda,54.1742,103.0304,79.95,39,32,4.63,RU,1628741237
515,melilla,35.2937,-2.9383,73.78,94,90,0.0,ES,1628741237
516,preobrazheniye,42.9019,133.9064,64.15,72,100,9.57,RU,1628741238
517,rio grande,-32.035,-52.0986,34.95,74,1,5.37,BR,1628741238
518,victor harbor,-35.5667,138.6167,61.72,77,16,1.01,AU,1628741239
519,nemuro,43.3236,145.575,60.6,66,38,2.64,JP,1628741239
520,bailieborough,53.9167,-6.9667,46.18,95,84,7.4,IE,1628741240
521,aklavik,68.2191,-135.0107,61.75,57,90,1.79,CA,1628741240
522,haines junction,60.7522,-137.5108,46.09,86,100,5.61,CA,1628741241
523,kungurtug,50.5994,97.5228,58.46,87,100,2.53,RU,1628741241
524,kropotkin,45.4375,40.5756,71.65,90,100,1.86,RU,1628741242
525,plettenberg bay,-34.0527,23.3716,53.02,90,84,17.67,ZA,1628741242
526,edd,13.9297,41.6925,91.53,55,81,2.44,ER,1628741243
527,antsla,57.8256,26.5406,58.75,98,100,2.19,EE,1628741243
528,kazanka,47.8462,32.8218,68.31,55,95,12.21,UA,1628741243
529,karaton,-6.3424,106.1045,87.96,49,14,0.94,ID,1628741244
530,saint-gabriel,46.3001,-73.3824,73.83,96,89,3.2,CA,1628741244
531,romny,50.751,33.4747,65.26,65,8,9.62,UA,1628741245
532,riohacha,11.5444,-72.9072,79.32,85,45,1.99,CO,1628741245
533,mullovka,54.2,49.4,68.11,45,1,9.6,RU,1628741245
534,grand gaube,-20.0064,57.6608,74.37,79,10,5.99,MU,1628741246
535,cavaillon,43.8312,5.0359,70.99,83,0,4.61,FR,1628741246
536,seoul,37.5683,126.9778,90.79,53,100,2.53,KR,1628741128
537,znamenka,52.4167,41.4311,78.51,39,100,15.37,RU,1628741247
538,mangochi,-14.4782,35.2645,60.06,75,0,4.97,MW,1628741247
539,thinadhoo,0.5333,72.9333,82.69,72,86,11.1,MV,1628741247
540,korla,41.7597,86.1469,88.56,19,4,8.34,CN,1628741248
541,kailua,21.4022,-157.7394,84.18,71,40,9.22,US,1628741248
542,rio gallegos,-51.6226,-69.2181,46.45,57,0,18.41,AR,1628741151
543,inuvik,68.3499,-133.7218,61.41,56,75,6.49,CA,1628741249
544,teguise,29.0605,-13.564,68.22,78,90,10.36,ES,1628741249
545,alice springs,-23.7,133.8833,63.95,32,0,17.27,AU,1628741249
546,caucaia,-3.7361,-38.6531,80.55,72,75,19.57,BR,1628741250
547,jumla,29.2747,82.1838,72.55,70,61,5.14,NP,1628741251
548,qobustan,40.0824,49.412,84.31,37,14,5.28,AZ,1628741251
549,ledyard,41.4398,-72.0142,78.24,82,1,3.44,US,1628741251
550,sambava,-14.2667,50.1667,69.39,78,78,8.95,MG,1628741252
551,puerto escondido,15.85,-97.0667,79.36,80,12,4.14,MX,1628741254
552,ginir,7.1333,40.7,57.65,86,12,8.34,ET,1628741254
553,asau,46.4333,26.4,63.75,74,92,2.26,RO,1628741254
554,banda aceh,5.5577,95.3222,85.82,63,100,12.91,ID,1628741255
555,margate,51.3813,1.3862,60.69,88,100,1.01,GB,1628741255
556,labelle,26.7617,-81.4384,79.99,87,95,4.12,US,1628741256
557,loandjili,-4.7561,11.8578,72.75,88,34,4.61,CG,1628741256
558,chernyshevskiy,63.0128,112.4714,77.16,32,9,2.13,RU,1628741257
559,yumen,40.2833,97.2,81.88,23,0,11.25,CN,1628741257
560,poum,-20.2333,164.0167,72.64,60,39,19.19,NC,1628741257
561,akhtanizovskaya,45.32,37.1,72.07,73,85,1.68,RU,1628741258
562,sioux lookout,50.1001,-91.917,62.01,57,96,10.18,CA,1628741258
563,dalbandin,28.8947,64.4101,94.73,7,0,7.56,PK,1628741259
564,mineiros,-17.5694,-52.5511,64.08,38,19,1.95,BR,1628741259
565,kruisfontein,-34.0033,24.7314,51.89,92,41,14.16,ZA,1628741260
566,kamaishi,39.2667,141.8833,67.66,94,100,3.36,JP,1628741260
567,pervomayskoye,43.919,46.7102,82.33,56,92,6.93,RU,1628741260
568,piacabucu,-10.4056,-36.4344,71.44,81,22,4.85,BR,1628741261
569,nobres,-14.7203,-56.3275,70.45,52,15,6.04,BR,1628741261
570,pullman,46.7313,-117.1796,86.23,31,1,1.01,US,1628741261
571,isangel,-19.55,169.2667,72.23,60,52,16.64,VU,1628741262
572,usinsk,65.9939,57.5281,61.77,61,100,17.94,RU,1628741263
573,mpika,-11.8343,31.4529,49.73,60,0,5.44,ZM,1628741263
574,jian,27.1172,114.9793,85.32,80,100,5.68,CN,1628741264
575,henties bay,-22.116,14.2845,54.86,90,8,5.73,NA,1628741264
576,lahij,13.1667,44.5833,83.91,51,70,4.47,YE,1628741265
577,chara,56.9064,118.2631,71.83,48,45,3.02,RU,1628741265
578,viedma,-40.8135,-62.9967,38.89,62,0,9.37,AR,1628741265
579,kon tum,14.35,108.0,82.83,70,97,4.56,VN,1628741266
580,monroe,43.1501,-77.6831,79.63,73,75,10.36,US,1628741207
581,marawi,7.9986,124.2928,76.64,54,26,5.93,PH,1628741266
582,ekhabi,53.5102,142.9671,68.04,51,23,12.59,RU,1628741267
583,tilichiki,60.4667,166.1,66.81,49,16,6.82,RU,1628741267
584,rawson,-43.3002,-65.1023,46.83,48,0,10.87,AR,1628741268
585,swellendam,-34.0226,20.4417,47.84,95,100,4.9,ZA,1628741268
586,zarumilla,-3.5031,-80.2731,68.79,85,100,3.04,PE,1628741269
587,arlit,18.7369,7.3853,89.01,41,60,15.95,NE,1628741269
588,nefteyugansk,61.0998,72.6035,59.25,54,20,14.09,RU,1628741269
589,dudestii vechi,46.05,20.4833,57.49,61,2,8.5,RO,1628741270
590,anloga,5.7947,0.8973,75.72,89,98,11.34,GH,1628741270
591,dukat,62.55,155.55,71.01,34,63,1.45,RU,1628741271
592,aloleng,16.1307,119.7824,81.18,74,100,1.03,PH,1628741271
593,hwange,-18.3693,26.5019,56.28,59,0,2.86,ZW,1628741272
594,mahon,39.8885,4.2658,77.56,88,0,5.75,ES,1628741272
595,gat,31.61,34.7642,80.4,74,0,3.83,IL,1628741273
596,tateyama,34.9833,139.8667,82.42,87,100,19.06,JP,1628741273
597,saint-francois,46.4154,3.9054,67.17,95,0,2.3,FR,1628741273
598,paray-le-monial,46.4546,4.1158,67.68,94,0,2.3,FR,1628741274
599,bandarbeyla,9.4942,50.8122,77.58,72,43,23.73,SO,1628741274
600,joshimath,30.5667,79.5667,78.75,68,18,5.37,IN,1628741275
601,ostersund,63.1792,14.6357,54.05,94,0,3.44,SE,1628741275
602,christchurch,-43.5333,172.6333,57.47,66,100,6.91,NZ,1628741107
603,shahr-e babak,30.1165,55.1186,81.72,10,0,3.91,IR,1628741276
604,lingyuan,41.24,119.4011,77.56,59,16,2.28,CN,1628741276
605,bagdarin,54.4333,113.6,58.35,97,100,2.26,RU,1628741277
606,burgeo,47.6167,-57.6152,62.55,94,94,0.63,CA,1628741277
607,galveston,29.3669,-94.9669,85.96,83,1,1.01,US,1628741278
608,maceio,-9.6658,-35.7353,72.84,94,90,2.3,BR,1628741278
609,ambilobe,-13.2,49.05,71.04,68,54,2.8,MG,1628741278
610,esperance,-33.8667,121.9,59.92,55,13,12.57,AU,1628741279
611,marsaxlokk,35.8419,14.5431,84.07,57,0,4.61,MT,1628741279
612,namie,37.4833,141.0,79.72,88,100,2.82,JP,1628741279
613,saint anthony,45.0205,-93.218,73.02,59,1,1.01,US,1628741280
614,babstovo,48.1167,132.4833,76.26,44,25,1.79,RU,1628741280
615,sladkovo,55.5284,70.3385,56.86,63,0,16.96,RU,1628741280
616,ankazobe,-18.3167,47.1167,45.01,83,1,2.98,MG,1628741281
617,podor,16.6527,-14.9587,83.64,48,46,12.82,MR,1628741281
618,nauta,-4.5061,-73.5757,72.07,96,98,2.42,PE,1628741282
619,chadiza,-14.0678,32.4392,48.87,82,0,2.89,ZM,1628741283
620,chimoio,-19.1164,33.4833,53.28,93,0,2.93,MZ,1628741283
621,college,64.8569,-147.8028,67.95,57,75,4.61,US,1628741283
622,campoverde,-8.4753,-74.8058,74.8,73,92,2.82,PE,1628741284
623,bahir dar,11.5936,37.3908,59.31,90,56,2.93,ET,1628741284
624,coihaique,-45.5752,-72.0662,33.75,86,1,5.75,CL,1628741285
625,eureka,40.8021,-124.1637,76.75,86,48,1.01,US,1628741285
626,berlevag,70.8578,29.0864,57.2,90,73,11.32,NO,1628741285
627,izhma,65.0083,53.9113,59.2,73,100,6.67,RU,1628741286
628,korem,12.5058,39.5228,58.37,76,20,0.6,ET,1628741287
629,belmonte,-15.8631,-38.8828,66.7,86,10,3.09,BR,1628741288
630,nalbari,26.4456,91.4354,85.98,88,100,8.75,IN,1628741288
631,moba,33.2288,105.0179,59.85,85,100,1.07,CN,1628741289
632,qeshm,26.9581,56.2719,93.07,81,4,10.54,IR,1628741289
